TP,FN,FP,TN,OA,AA,P,R,F1,FAR(FPR),TPR
19640,360,1757,78243,0.97883,0.9800187499999999,0.9178856849090994,0.982,0.94886102857695,0.0219625,0.982
